検索ワード,ブックマーク数
乳 OR おっぱい OR 胸,489689
中出し,463564
セックス,388148
尻 OR ケツ,377135
H,344873
巨乳,343038
裸,342143
尻神様,341289
バック,336178
ロリ,318813
後背位,317123
精液,312991
フェラ,312353
漫画,308711
溢れ精液,307988
ぱんつ,307942
連続絶頂,303822
断面,291838
断面図,288401
NTR,282679
レイプ,281279
アナル,280305
立ちバック,280170
パンツ,272943
極上の乳,272904
揉みしだきたい乳,271629
陰毛,269766
輪姦,266135
射精,262923
騎乗位,262082
拘束,259257
全裸,259047
乳首責め,258846
事後,258289
目がハート,253628
アイドル,252687
着衣セックス,249378
水着,248638
うごイラ,247696
催眠,246473
挿入,242584
創作,242035
女の子,241859
愛のあるセックス,241412
タイツ,240125
絶頂,239366
裸足,237871
手マン,234851
コンドーム,233931
オナニー,226737
正常位,226240
ずらし挿入,226203
ショタ,223953
腋,223513
OL,222712
母乳,222506
JK,218037
あばれる乳,215737
クリ責め,215590
潮吹き,215563
くぱぁ,213766
足裏,213088
爆乳,212455
へそ,212158
ビキニ,211969
百合,211091
ハメ撮り,208024
使用済みコンドーム,207004
ぶっかけ,206779
アヘ顔,206472
ふたなり,206454
寝取られ,206166
パイズリ,205958
ふともも,205867
巨根,203593
極上の女体,203112
女子高生,202982
胸揉み,202865
魅惑の谷間,202657
手コキ,201887
背後から胸揉み,201663
触手,198279
メイド,195892
乱交,194384
ストッキング,193155
異種姦,193116
イラマ,193022
種付け,192883
露出,192362
貧乳,192240
調教,191013
イラマチオ,189785
ピアス,189665
ボテ腹,189430
ハメ撮り視点,188268
制服,187708
少女,187659
口内射精,186387
すじ,185622
フェラチオ,184111
片足パンツ,183201
ニーソ,183073
即堕ち,181777
人妻,181079
キス,180557
おへそ,179370
黒スト,178461
魅惑のふともも,178124
仰け反り絶頂,177494
ローター,177465
むちむち,177450
金髪,177387
強制絶頂,175121
寝バック,174628
肉便器,174111
愛液,173810
妹,173607
首輪,173574
敗北,173384
種付けプレス,173102
近親相姦,173027
乳揉み,170846
乳首ピアス,170641
淫紋,169884
バニーガール,169728
学生,168764
受精,167416
トロ顔,167234
セーラー服,165749
ふた×女,165525
腹ボコ,165286
見せ槍,165096
足指,164827
ボコォ,164495
汗,164436
高品質パンツ,162836
緊縛,162712
子宮,161703
獣姦,161526
ヘテロ,160801
裸足裏,160430
お尻,158836
たくしあげ,158645
まんぐり返し,157408
キスハメ,156769
ソックス足裏,155913
下着,155421
ジン,155392
破れストッキング,155311
舌,154820
白タイツ,154471
乳吸い,153859
目隠し,153124
ビッチ,153029
3P,153013
褐色,152660
ニラマレ,152601
壁尻,152476
開脚,151471
串刺しファック,151407
馬,151193
マスク,150822
裸ニーソ,150792
極上の貧乳,150787
おねショタ,150521
パイパン,149575
陥没乳首,149406
ハーレム,148907
ねじ込みたい尻,148809
二穴,147896
ギャル,147614
エルフ,146807
マニキュア,146709
胡桃,146641
精液ボテ,146041
熟女,143864
日焼け,143681
おしっこ,143629
髪掴み,143483
手マンオナニー,141886
マイクロビキニ,141783
アナルセックス,141745
逆レイプ,141158
眼鏡,141134
陵辱,141002
剥けチン,140016
エロ蹲踞,139446
ドM,139243
黒髪,137566
仰臥,137417
黒タイツ,137267
ひょっとこフェラ,136413
お腹,135861
汗だく,135762
舐め回したい穴,135718
パンチラ,135103
男の娘,134989
対面座位,132944
レズ,131383
サキュバス,131078
身体に落書き,130954
猿轡,130952
ディルド,130611
メスガキ,130212
猫耳,130122
体に落書き,130110
風呂,129872
垂れ愛液,129307
妊婦,128742
まんこ,128665
下脱ぎ,128468
こね回したい乳首,127769
処女,127585
バイブ,127515
日焼け跡,127489
子供同士,125900
破瓜,125834
巨尻,125695
首絞め,125650
背面座位,125473
ちん嗅ぎ,125207
シスター,125197
拡張,125097
ちっぱい,124868
駅弁,123535
スク水,123455
つるまんさいこう,123273
魔女,123132
オナホ,123127
顔射,122750
M字騎乗位,122603
見せない構図,122584
腕掴み,122512
ラブ握り,122178
クンニ,121546
ツインテール,121091
ノーパン,120512
足コキ,120098
素股,120003
機械姦,119879
包茎,119694
両手に茎,119240
掴みピロー,119184
アナル舐め,119133
乳内射精,118964
輪チラ,118321
母子,118291
女オナニー,117264
側位,117140
パンスト,116959
腕掴みバック,116184
ポニーテール,116128
メスの顔,115712
垂らし事後,114588
搾乳,114223
着衣巨乳,113481
牛柄,113360
はいてない,113287
ブルマ,113185
牛柄ビキニ,112899
ロリビッチ,112888
鷲掴み,112531
子宮をノック,112514
体格差,112477
腕押さえ輪姦,112470
野外,112467
破れタイツ,111754
妊娠,111468
睡姦,111338
体操服,111113
背面騎乗位,111008
羞恥,110952
おまんこ,110901
アナル中出し,110833
パンツ下ろし,110553
チンコ包囲網,110514
隠姦,110479
巨乳化,110445
立位,110266
目隠し竿,109955
透け乳首,109145
舌出し,108918
狐耳,108863
マン肉,108730
性処理,108581
スライム,107471
抜け陰毛,107392
奴隷,107332
エロ衣装,107187
小学生,106930
幼女,106640
青姦,106636
裏乳,106385
女体美,106360
競泳水着,106005
クリトリス,105924
主観視点,105851
馬姦,105480
搾精,105320
洗脳,105308
アナルくぱぁ,105113
濡れ透け,105108
トイレ,104831
定点,104795
M字開脚,104325
お風呂,104143
長乳,103940
性交,103824
女性を乳首責め,103526
片乳,103482
おっさん,103198
着衣パイズリ,102933
吸い付く膣,102754
アナル尻尾,102621
ピンク,102002
汚いおっさん,101820
痴女,101701
長手袋,101600
スーツ,101324
ママショタ,101101
対面立位,100851
逆バニ,100801
だいしゅきホールド,100160
逆バニー,99936
女装,99571
ランドセル,99069
サイハイブーツ,98691
鼻ザー,98610
異物挿入,98295
ロリ巨乳,98230
魅惑の顔,97976
凌辱,97749
サンプル,97400
授乳,97364
ガーターベルト,97301
異種和姦,97222
放尿,97203
ドット絵,96235
性教育,96201
黒髪ロング,95841
竜娘,95440
乳出し,95118
発情,95088
姉弟,94913
性器,94907
定点カメラ,94890
アナルビーズ,94830
大量射精,94814
交尾,94449
電マ,94327
掴みシーツ,94184
しのぶ,94138
イチャラブ,93641
自撮り,93203
ボールギャグ,92865
女性上位,92689
ノーハンド,92389
ローアングル,92385
チンカス,92315
野外露出,91724
腋毛,91671
染みパン,90724
巨乳輪,90408
教室,90338
精液封入,89994
乳揺れ,89993
馬乗りパイズリ,89772
馬乗り,89761
服越し母乳,89645
Wフェラ,89544
スパンキング,88979
膣内射精,88786
筋肉,88690
ぽっかりアナル,88550
ボーイッシュ,88464
欧派,88335
イカ腹,88310
すっぽんぽん,88179
手袋コキ,87882
I字バランス,87643
鼠蹊部,87576
尻コキ,87509
乳鷲掴み,87447
股間,87413
逆アナル,87409
ハイソックス,87333
温泉,86934
Tバック,86803
子宮脱,86742
幼馴染,86737
縦割れアナル,86243
白ニーソ,85619
痴漢,85460
尿道責め,85417
乳合わせ,85346
無知シチュ,85320
常識改変,84967
純愛,84957
お姉さん,84802
臀部,84384
強姦,84138
しりならべ,84104
種噴き,83919
舌射,83619
声我慢,83590
首絞めックス,83094
スリングショット,83008
兄妹,82978
べろちゅー,82928
sex,82822
犬姦,82681
女教師,82475
前髪テール,82448
胸合わせ,82337
チアガール,81928
眠姦,81836
乳ワイパー,81650
咥えゴム,81594
浴衣,81484
肛門,80743
レオタード,80500
美脚,80472
腋見せのポーズ,80392
魔法少女,79983
トップレス,79732
大腿,79702
事前,79413
半脱ぎ,79347
おしり,79269
メイド服,78663
ダイナミックパンチラ,78610
ふた×男,78586
推しの子,78522
パンスト越しのパンツ,78408
太ももコキ,78195
授乳手コキ,78089
夫婦,77349
エプロン,77269
母娘,77073
まんざらでもない,77071
ナース,76826
女体化,76779
ニーソックス,76495
マシュマロおっぱい,76408
美乳,75971
タイツ越しのパンツ,75597
オナバレ,75518
無様エロ,75458
下乳,75275
ハイヒール,74970
創作男女,74921
チャイナドレス,74891
うちの子,74743
commission,74626
ケツ毛,74592
抱き枕カバー,74465
ガクビク,74345
正の字,73902
睡眠姦,73627
悪堕ち,73495
臭いフェチ,73488
黒ギャル,72947
後ろ矢筈,72867
パンツの中に手,72803
精飲,72761
母性的女体,72689
レイプ目,72594
横乳,72373
売春,72343
黒人,72014
ペド,71949
勃起クリトリス,71525
性処理係,71418
媚薬,71006
ずらし事後,70978
お腹ナデナデ,70954
裸エプロン,70709
援交,70429
巫女,70377
続編希望,70289
ランジェリー,70109
出産,70043
アナルの造詣が深い,69831
フェラ素振り,69358
寝取らせ,69246
谷間に布寄せ,68974
乳首舐め,68843
赤面,68756
ふんどし,68062
馬チンポ,68038
牛娘,67973
枕営業,67947
子作り,67754
赤髪,67592
尻アングル,67505
乳首イキ,67448
浮気,67368
おっぱいがいっぱい,67201
コスプレ,67187
ローション,67174
飲尿,67112
撫で回したいお腹,66849
玉舐め,66789
アナル固め,66679
銀髪,66576
食い込み,66525
ちょこぱい,66433
差分,66319
ゴム射,66247
寝取り,66232
性職者,66214
トイレセックス,65976
安産型,65945
メス堕ち,65928
ショタおね,65838
子宮姦,65827
極上の尻,65594
ブラジャー,65490
パーカー,65278
髪コキ,65097
コンドーム腰蓑,65004
背中,64735
つぶれおっぱい,64711
宣伝,64532
メス男子,64438
お掃除フェラ,64425
ぷにあな,64408
直穿き,64406
撫で回したい尻,64232
ぴっちりスーツ,63954
スパッツ,63775
調教済み,63596
ディープキス,63575
バイブINパンツ,63567
脱ぎかけ,63310
貞操帯,63232
ハミ毛,63218
キメセク,62978
おもらし,62811
これ絶対入ってるよね,62716
先っちょ入れ,62394
貝合わせ,62318
先っぽちゅーちゅー,61917
シャワー,61903
逆さフェラ,61874
勃起乳首,61852
着物,61808
おじさん,61801
網タイツ,61784
ウェディングドレス,61693
姉妹丼,61586
指を突っ込みたいへそ,61287
電車,61066
尻揉み,61065
黒パン,60928
ジャージ,60856
失禁,60827
ピンク髪,60766
生えかけ,60682
トレンカ,60679
オホ声,60679
ノーブラ,60278
片目隠れ,60116
ペットプレイ,59777
脱いだ服,59766
ネクパイ,59680
子宮口,59677
高校生,59542
体育倉庫,59525
糸引き,59487
オナフェラ,59362
タトゥー,59346
父娘,59176
恥丘,58574
全裸群像,58481
配信,58266
背面側位,58072
魅惑的大腿,57990
黒乳首,57946
拡張済み,57889
ゴム残し,57581
松葉崩し,57344
乳だけ出してる,57168
女児,57025
M女,56928
尻突き上げ,56807
美少女,56704
胸ポチ,56622
モブ姦,55796
いじめ,55674
絆創膏,55448
ショートパンツ,55241
女王,55204
股のぞき,55121
ティッシュ,55035
後ろ手,54853
ヤンデレ,54827
CMNF,54823
地雷系,54819
デカ尻,54747
ながらプレイ,54737
ピンクパンツ,54584
学生服,54337
学生証,54299
自慰,54295
逆NTR,54277
ボトムレス,53996
ユニコーン,53952
蒸れ,53910
サイハイソックス,53884
ガラス越し,53855
スパイダー騎乗位,53800
極上の腹,53756
トレーニング,53408
顔面チンポ置き,53059
仕事絵,52659
前貼り,52605
黒パンツ,52516
ミニスカート,52480
うさみみ,52373
ズリ事後,52277
電気責め,52137
茶髪,51879
女の子に急所攻撃,51844
涙目,51794
セルフ乳揉み,51733
乳上,51719
着衣交尾,51529
性奴隷,51400
ラッキースケベ,51389
手コキッス,51257
顔隠し,51235
浴尿,51207
夫婦の営み,51176
白髪,51084
POV,51060
チクニー,50798
ピースサイン,50775
双子,50421
歩き事後,50315
へそピアス,50247
極太ディルド,50122
裾上げタイツ脱ぎ,49967
版権,49951
即落ち2コマ,49900
女性器,49833
四つん這い,49327
分身,49144
腰高位,49020
ちんぐり騎乗位,48990
メカクレ,48774
胸膝位,48310
即夜戦,48235
ショートカット,48156
カップル,48028
ふた×ふた,47988
乳柱,47858
援助交際,47708
アイシャドウ,47686
二次創作,47606
角オナ,47276
無表情,47267
寄生,46887
搾乳機,46759
レースクイーン,46528
足ピン,46119
チアリーダー,46115
ギリシャ型,46024
ぷにまん,45922
泥酔,45778
猫耳カチューシャ,45674
酔姦,45254
背後から手コキ,45251
母娘丼,45019
ほのぼの,44956
肉オナホ,44911
寸止め,44846
女神官,44841
乳ぼくろ,44614
プリケツ,44544
失神,44420
ベビードール,44352
テント撫で,44203
キャプション芸,44180
ノーハンドフェラ,44169
女神的女体,43819
性行為,43774
ジーンズ,43770
くわえたくしあげ,43458
精子,43353
熱々トレーニング,43350
キャミソール,42687
男女女男,42663
挿入直前,42575
ショートヘア,42504
オナホコキ,42327
我々の業界ではご褒美です,42226
誘拐,41853
ほくろ,41468
蟹股ポージング,41357
胸囲の格差社会,41132
局部露出,41077
青髪,41076
ハンドギャグ,41067
乳首オナニー,41023
オープンショーツ,40736
流れ乳,40665
告知,40631
ベロチュー,40288
頬ズリ,40109
泣き顔,39826
婦警,39494
ゴム手袋,39208
指マン,39098
いい顔,39035
ガバアナル,38931
女性協力者,38863
モザイク,38792
抱き心地良さそうな極上の安産型ムチムチ女体,38783
紐水着,38699
エロステータス,38525
尻鷲掴み,38490
髪ブラ,38466
貫通,38195
完全裸,38162
歯を食いしばる,38012
交尾結合,37965
アナル責め,37855
アヘトロ顔,37677
ビュービュー系,37639
着ザー,37589
着衣溢精,37392
ロリ陰毛,37032
風俗,36949
遠隔姦,36912
机の下のフェラ,36517
カラーリップ,35986
裸ランドセル,35746
ぐるぐる目,35576
色違い陰毛,35526
チノ,35380
お持ち帰り,35290
露天風呂,35221
※中学生です,34951
着衣アナルセックス,34929
裸靴下,34839
縞ビキニ,34675
合法ロリ,34556
セルフパイ舐め,34533
混浴,34497
ベッドの上,34383
包茎クリトリス,34154
腹パン,34124
陸上部,33691
黒ビキニ,33668
夜這い,33590
女性優位,33374
便女,33103
そばかす,33061
ホルタービキニ,32813
乳上げ,32778
手形,32761
煙緋,32717
トリプルフェラ,32659
ツンデレ,32365
シースルー,32125
乳首ズリ,32079
裸ブーツ,31977
後ろ手縛り,31941
黒セーラー,31820
リクエスト,31807
上履き,31802
ハイレグレオタード,31772
お漏らし,31760
誘い受け,31615
ホルターネック,31455
眼帯ビキニ,31415
おしっこ我慢,31323
野外緊縛,31235
競スク,31102
添い寝,31094
デリヘル,31022
絶倫,30983
快楽責め,30615
苦しそうな顔,30600
ズボン下ろし,30435
女性主観視点,30390
黒ハイソックス,30363
亀頭舐め,30348
けしからん谷間,30256
穿いたまま,30142
立ちかなえ,29887
拉致,29774
溜め精液,29760
匂いフェチ,29718
背後から乳揉み,29689
犬耳,29574
ラブラブ,29367
未亡人,29342
和服,29281
おなか,29164
衝撃のラスト,28952
バレー,28892
リモコンバイブ,28629
泣きぼくろ,28600
ちんちんのポーズ,28509
全身タイツ,28247
がに股,28201
巨乳長,28187
三つ編み,28028
定規,28020
下腹部定規,27736
喉ボコ,27398
汚っさん,27334
セルフ胸タッチ,27231
褌,27208
豚姦,27124
裸コート,27074
誰かが見ている,27048
黒ストッキング,26828
保健室,26685
絶対領域,26679
黒髪ショート,26452
こめっこ,26436
ボクっ娘,26433
乳首責め騎乗位,26430
パパ活,26298
亀頭フェラ,26125
怯え,26072
処女膜,25840
金髪ロング,25695
路地裏,25534
動物の仔,25508
白ストッキング,25474
痴幼女,25392
ノーパンタイツ,25319
足抱え,24970
かのかり,24923
魔法のオナホ,24875
保健体育,24763
ｺｯｼｮﾘ,24760
チャラ男,24612
チョーカー,24466
スポーツウェア,24166
フレアビキニ,23980
服従のポーズ,23830
お姉ちゃん,23778
臍,23543
酔っ払い,23437
乳袋,23421
前立腺責め,23327
射鞋,23321
イマラチオ,23128
玉しゃぶり,23055
雪女,22983
カラオケ,22920
ブラシ触手,22919
圧倒的胸囲,22824
ハーフアップ,22706
無抵抗,22704
銭湯,22602
歩く18禁,22519
さらし,22500
看護師,22471
横臥,22232
野生の公式,21926
ロリ妊婦,21383
成長過程,21199
クーラ,21139
ミミック,21123
フェラ尻,21084
まったく、小学生は最高だぜ!!,20941
腋射,20751
椅子尻,20541
クリチラ,20512
受付嬢,20505
ガーターリング,20236
セフレ,20208
口腔,20175
女児水着,20151
屈曲位,20013
水浴び,20002
耳姦,19985
自縛,19982
直撃弾,19902
着エロ,19880
脅迫,19821
おっぱいキス,19789
種付けおじさん,19776
大人の世界,19709
触手貫通,19675
膨らみかけ,19570
ヘッドボードアングル,19528
薬物,19365
角掴み,19209
W手コキ,19198
泌乳,19108
マグロ,19047
ブラ着パイズリ,18852
剥ぎ取りたいパンツ,18800
カーセックス,18649
女子大生,18587
薬漬け,18572
開口器,18546
身体検査,18406
パンツを穿いたまま絶頂,18362
半透明バニー,18322
スカートめくり,18025
嘔吐,17904
前戯,17584
新体操,17562
お前がパパになるんだよ!,17542
バキュームベッド,17531
肛門性器臭いフェチ,17418
素晴らしすぎる,17349
サメ,17252
美尻,17197
大人のおもちゃ,16853
ホットミルク,16739
悪魔の乳首,16608
斜め後ろハイアングル,16506
性欲の権化,16458
おしえて!,16413
ロリショタ,16403
おっぱいぷるんぷるん,16290
大陰唇,16075
朝フェラ,15914
おにロリ,15878
極上の太もも,15567
エロビキニ,15565
ブチュキス,15538
ノーパンノーブラ,15276
透明人間,15116
アリシゼーション,14802
吸うやつ,14741
艶ぼくろ,14645
鞘合わせ,14521
横ロール,14485
布越しセックス,14362
わかまり,14077
クリ吸引,13947
メンヘラ,13500
人間便器,13081
バレー部,13020
手パンツ,12793
嫁分身,12713
淫纹,12583
後ろの存在感,12324
スク水ニーソ,12241
パイロットスーツ,12052
水着タイツ,11990
置き去りディルド,11980
スワッピング,11737
玄姦,11502
快楽漬け,11357
裸Yシャツ,11340
生徒会長,11185
乳首攻め,11020
黒縁眼鏡,11012
ハッピーエンド,11010
椅子拘束,10874
膝裏コキ,10620
ヌーディストビーチ,10575
ヨガ,10529
修羅場,10175
布越し射精,9470
M向け,9358
カーディガン,9282
和室,9269
まあ、そうなるな,9212
シャワーシーン,9152
儀装束,8954
レーシングバック,8888
ディルドー,8859
泡ブラ,8616
発想の勝利,8598
浮乳,8426
雌豚,8381
絶頂失禁,8302
胎動,8279
触手下着,8258
コンビニ,8120
オタクに優しいギャル,7919
イジメ,7806
眼鏡はかけるもの,7671
末永く爆発しろ,7560
全部飲んで,7399
いちゃラブ,7292
旅館,7276
ガバガバ,7157
幸せパンチ,7112
クリトリス包皮,7052
乳王,7050
ほぼ裸,7005
車止め,6719
尻ワイパー,6634
汁だく,6523
無視,6450
事后,6073
ザーメン帽子,6047
伝説の始まり,5889
裸手袋,5867
公衆トイレ,5624
掃除機,5588
女装ショタ,5282
紐タイ,5092
感度3000倍,5091
sleeping,4989
歩くセックス,4798
布越し素股,4761
マゾ向け,4616
リビドー,4484
いいですとも!,4435
裸ソックス,4196
下書き,4092
初夜,4032
シーツ掴み,4000
ベレー,3988
ぬるぬる動く,3866
現実改変,3849
全裸水泳,3714
性器解説,3659
スポーツ少女,3557
既成事実,3516
懺悔室,3471
上食,3366
姉なるもの,3338
バックシーム,3211
唾液交換,3172
リボン縛り,3122
抱き枕カバー風,3113
屈服,3006
スローセックス,2858
女湯の男の子,2801
バンドゥビキニ,2711
先っちょフェラ,2671
猫耳メイド,2669
腰に手,2595
繁殖,2592
ゴミ箱,2511
両手に竿,2365
しっぽいじり,2311
腋ズリ,2263
逆立ち,2200
舌責め,2127
見せパン,2119
尿道拡張,1982
元ヤン,1962
コーチ,1938
空刻,1766
サイコキ,1707
おまんまんぷにぷにしたい,1671
まんこ比べ,1584
ゴムフェラ,1531
バスケ部,1497
金髪ロリ,1495
脇見せのポーズ,1442
濡れタイツ,1306
これはエロい,1179
腹上死,1042
血の繋がった夫婦,1037
怪文書,1005
したでなめる,993
下半身露出,857
ヤリ部屋,753
シールダー,753
遺作,735
尻射,640
貞操観念ゼロ,603
バイブオナニー,576
可能性の獣,474
女ふんどし,458
尿道口,436
皮膚,347
スマホ差分,337
シャワー室,324
チェックパンツ,253
黒髪セミロング,246
性欲を持て余す,230
テニス少女,214
生涯独身,161
即ハメ,142
強制発情,133
リボンタイ,120
肉花瓶,78
剣道部,78
悪魔姦,68
ひとりハーレム,56
北半球,31
精液逆流,23
青緑ビキニ,9
水着ジャージ,6
エロ絵スタ,0
いい反応,0
陰毛/ケツ毛,0
村八分,0
いい目,0
横尻,0
カニばさみ,0
エロ芸術,0
8sec-video,0
オマンコアップ,0
M開脚,0
頭押さえつけ,0
ウルトラマイクロミニ,0
こいのぼり,0
せっくすパイパイ,0
そしてこの声である,0
馬鹿め!それは本体だ!,0
とても気持ちの良さそうなフェラ,0
のぞき見,0
これで終わりと思うなよ,0
びくびく,0
水着コンパニオン,0
飼育員,0
このあと滅茶苦茶/野生の公式,0
めでたしめでたし,0
もうやめて,0
湿潤,0
水中射精,0
けしか乱交,0
母息子,0
お祈り手コキ,0
潰れおっぱい,0
イジラレ,0
すらし挿入,0
お坊ちゃま,0
おまけも本編,0
インコ野郎,0
永久就職,0
ちん尾,0
箱入り娘(物理),0
未来予知,0
伝説級のテクニカル,0
着衣美巨乳,0
処女貫通,0
具体的,0
背後から胸揉み/女性を乳首責め,0
入学希望,0
似た者同士,0
乳重測定,0
復讐レイプ,0
中字,0
世界名画,0
自爆芸,0
幻聴したら負け,0
自舐めオナニー,0
舌裏,0
前手縛り,0
尻壁,0
睡華,0
創作カップル,0
少女と裏路地,0
実質的に死姦,0
単為生殖,0
即墜ち,0
姉妹日常,0
続きはよ,0
吸いたくなるオッパイ,0
味もみておこう,0
妹の友達,0
純白なる夢の誓い,0
圧倒的チンポ,0
圧倒的テンポ,0
女オタク,0
メガネ差分,0
萌えるゴミ,0
物体憑依,0
ゴム飲み,0
生徒指導,0
足裏/足指/ペディキュア/尻にマーク,0
救いはないんですか!?,0
敗北おもらし,0
逆夜這い,0
獣喘声,0
グボォ,0
復讐催眠,0
クロスホルターネック,0
月がきれい,0
有料少女,0
犬歯,0
キス射,0
長指,0
チャリオット,0
ネカフェ,0
生産者表示,0
豆巻き,0
ハンドル付き,0
天才のソレ,0
手繋ぎセックス,0
ババア結婚してくれ,0
パンティ破り,0
ファザコン,0
発散交尾,0
悦び顔,0
裸ヘッドホン,0
ブラックボックス,0
ブラホック,0
衣服標本,0
目で訴える,0
#援交,0
