検索ワード,平均ブックマーク数,除外された外れ値の数
中出し,108101.5,0
後背位,78238.25,0
断面図,77310.25,0
(,72843.25,0
異種姦,72742.0,1
バック,72604.5,0
乳首責め,71033.5,0
着衣セックス,69865.5,0
フェラ,68481.75,0
BL,66670.33333333333,1
創作,66475.25,0
漫画,62134.75,0
逆レイプ,61851.0,1
ずらし挿入,61285.75,0
百合,60902.666666666664,1
催眠,60644.25,0
寝バック,60108.5,0
正常位,60000.666666666664,1
首輪,59485.333333333336,1
巨乳,59188.0,0
創作bl,58927.0,0
創作BL,58926.25,0
背後から胸揉み,58764.25,0
アナル,57672.0,0
騎乗位,57029.25,0
腋,56060.0,0
コンドーム,55970.333333333336,1
極上の乳,55485.25,0
ボテ腹,53645.0,1
手マン,53486.25,0
陰毛,51237.0,1
魅惑の谷間,50686.25,0
フェラチオ,50348.75,0
OL,49804.5,0
射精,48437.25,0
種付けプレス,48330.5,0
レイプ,47925.5,0
腐向け,46939.25,0
腐,46367.0,0
裸ニーソ,45935.0,1
目がハート,45649.75,0
拘束,45310.75,0
ぱんつ,44892.0,0
強制絶頂,44679.0,1
串刺しファック,44496.0,0
男,44362.0,0
ピアス,44170.75,0
口内射精,44014.25,0
女子高生,43932.666666666664,1
乳首,43927.25,0
ディルド,43683.333333333336,1
揉みしだきたい乳,43676.75,0
ストッキング,43445.0,0
ボコォ,42321.0,0
ソックス足裏,42125.666666666664,1
だいしゅきホールド,41810.75,0
肉便器,41357.0,0
裸足裏,40834.5,0
潮吹き,40061.0,0
褐色,39516.5,0
スク水,39417.0,1
愛液,39376.25,0
汚いおっさん,38341.0,1
創作男女,37999.75,0
制服,37473.0,0
定点カメラ,37356.0,1
アナルくぱぁ,37344.25,0
寝取られ,37290.0,0
クリ責め,36838.25,0
極上の女体,36558.25,0
下脱ぎ,36550.75,0
こね回したい乳首,36540.666666666664,1
片足パンツ,36294.25,0
男女,36276.0,1
バイブ,36222.0,0
巨尻,35361.25,0
手コキ,34974.25,0
逆アナル,34230.75,0
セックス,34107.666666666664,1
ローター,33852.333333333336,1
乳吸い,33845.75,0
まんこ,33672.25,0
生まれたままの姿(産まれたままの姿)全裸(ヌード),33487.0,0
アヘ顔,32909.0,0
アへ顔,32908.5,0
事後,32853.75,0
目隠し,32500.5,0
腹ボコ,32428.75,0
つるまんさいこう,32214.75,0
吸い付く膣,32049.333333333332,1
仰臥,31981.25,0
おしっこ,31901.75,0
おっさん,31896.75,0
うごイラ,31464.5,0
絶頂,30688.5,0
手マンオナニー,30302.333333333332,1
姉弟,30085.5,0
猫耳,29972.5,0
乱交,29863.5,0
男の娘,29247.25,0
むちむち,28973.25,0
獣姦,28510.0,0
隠姦,28393.5,0
巫女,28307.75,0
純愛,28259.5,0
着衣巨乳,28087.75,0
裸足,27778.75,0
電マ,27193.75,0
搾乳,27116.5,0
近親相姦,26987.75,0
異物挿入,26756.5,0
ふた×男,26482.25,0
黒髪,26342.75,0
腕押さえ輪姦,25827.75,0
目隠し竿,25784.5,0
淫紋,25696.5,0
girl,25398.0,0
男子おっぱい,25390.0,1
愛のあるセックス,25350.5,0
商業BL,25230.75,0
ドM,25190.0,0
顔射,25089.5,0
処女,24772.25,0
ブルマ,24720.0,1
女の子,24713.0,1
乳首イキ,24584.25,0
強姦,24108.75,0
母乳,23792.0,0
垂れ愛液,23774.5,0
定点,23744.5,0
性教育,23647.25,0
ゲイ,23643.0,0
包茎,23565.5,0
女教師,23528.5,0
連続絶頂,23528.5,0
機械姦,23491.0,0
性処理,23131.75,0
大量射精,23117.5,0
発情,22865.75,0
竜娘,22806.5,0
アナル中出し,22793.75,0
ショタ,22500.333333333332,1
アナルビーズ,22374.0,1
original,22255.25,0
剥けチン,22066.0,1
触手,21875.0,1
足コキ,21842.75,0
ノーブラ,21665.25,0
輪姦,21523.75,0
エロ,21339.333333333332,1
版権,21102.0,0
おっぱい,21085.75,0
まとめ,20993.666666666668,1
クンニ,20847.125,0
メス男子,20792.5,0
体格差,20657.75,0
M女,20500.25,0
緊縛,20043.5,0
わからせ,19775.5,0
アナル舐め,19657.25,0
女性上位,19434.25,0
女性を乳首責め,19422.75,0
オナバレ,19356.0,0
長身女性,19129.75,0
飲尿,19123.0,0
淫魔,19101.25,0
電車,18959.0,0
監禁,18945.0,0
スパッツ,18863.0,0
雄っぱい,18672.0,1
スパンキング,18547.75,0
睡眠姦,18522.75,0
青姦,18478.75,0
女体化,18459.25,0
霊姦,18371.75,0
眼鏡,18115.0,0
女オナニー,18074.75,0
援交,18044.25,0
産卵,17941.75,0
ポーズ,17941.0,0
陵辱,17378.0,0
おちんちん,17253.5,0
ポルチオ,17170.5,0
クリトリス,16938.0,1
貞操帯,16666.75,0
快楽堕ち,16612.333333333332,1
苗床,16590.5,0
ボールギャグ,16409.5,0
モンスター娘,16359.75,0
貞操具,16327.5,0
女装,16096.25,0
ふたなり,16062.25,0
スライム,15874.333333333334,1
男の子,15834.0,1
ミニスカート,15754.25,0
キメセク,15677.0,0
兄妹,15653.75,0
オナニー,15639.333333333334,1
大人の女性,15511.5,0
エロ下着,15483.5,0
仰け反り絶頂,15477.0,0
CG集,15210.25,0
ホモ,15145.333333333334,1
あなたが神,15041.0,0
くすぐり,15002.5,0
巨根,14990.0,1
痴漢,14919.25,0
常識改変,14861.25,0
勃起乳首,14739.0,0
三白眼,14723.75,0
勃起クリトリス,14678.666666666666,1
ブラジャー,14610.0,0
全裸待機,14586.333333333334,1
ペニバン,14580.666666666666,1
童貞,14535.25,0
媚薬,14413.25,0
女の子のおちんちん,14387.5,0
二穴責め,14268.0,1
汁,14236.75,0
あなたが神か,14194.0,0
糸引き,14132.0,0
再録,14051.75,0
マッサージ,13621.0,1
女監督生,13577.666666666666,1
キス,13502.666666666666,1
続きを全裸待機,13456.333333333334,1
♡喘ぎ,13400.25,0
拷問,13273.25,0
自慰,13271.75,0
アニメ,13176.0,0
イラマチオ,13133.75,0
声我慢,13104.0,0
ショートカット,13036.25,0
モブ姦,12888.666666666666,1
授乳手コキ,12653.25,0
WEB再録,12643.0,0
web再録,12642.75,0
風俗,12609.0,0
勝デ,12395.75,0
お漏らし,12283.75,0
足ピン,12262.25,0
アナルファック,12182.25,0
調教,12165.0,1
酔姦,11960.75,0
ロリ,11845.666666666666,1
性交,11789.25,0
ぷにまん,11786.25,0
サンプル,11600.0,0
メガネ,11526.0,0
3DCG,11355.75,0
膣内射精,11191.25,0
ハンドギャグ,11050.25,0
戦闘員,11039.0,0
体外式ポルチオマッサージ,11035.75,0
オナホコキ,10950.333333333334,1
筋肉,10923.75,0
尿道責め,10922.666666666666,1
ハート目,10913.25,0
ガクビク,10874.75,0
寝取り,10831.0,0
調教済み,10761.25,0
魔法少女,10688.5,0
誘拐,10686.666666666666,1
キスハメ,10666.333333333334,1
玩具,10637.75,0
放置プレイ,10625.5,0
イチャラブ,10565.0,0
オナホ,10539.666666666666,1
縦割れアナル,10365.75,0
人外,10227.0,1
おしっこ我慢,10219.5,0
創作漫画,10111.0,1
ところてん,10064.666666666666,1
モブレ,10062.5,0
四肢拘束,9952.333333333334,1
dog,9882.5,0
撮影,9870.666666666666,1
羞恥,9866.0,0
形くっきりペニス,9783.0,0
ティーンズラブ,9709.5,0
んほぉ系,9616.25,0
前立腺,9513.25,0
メス堕ち,9502.25,0
人外娘,9451.5,0
煉炭,9331.5,0
着エロ,9153.5,0
搾精,8990.333333333334,1
カラ一,8936.5,0
失禁,8917.75,0
ローションガーゼ,8861.5,0
雄尻,8834.333333333334,1
男ふたなり,8807.333333333334,1
ベッドの上,8718.0,0
一カラ,8717.75,0
美女,8708.25,0
亀頭責め,8702.666666666666,1
メカクレ,8656.5,0
リモコンバイブ,8619.5,0
茶髪,8597.25,0
デフォルメエロ,8543.5,0
出勝,8412.5,0
射精管理,8366.25,0
結腸責め,8307.75,0
包茎クリトリス,8290.25,0
女攻め,8287.75,0
ピストン運動,8229.75,0
男オナニー,8195.333333333334,1
前立腺責め,8171.25,0
異種和姦,8162.666666666667,1
不倫,8028.5,0
乳首カリカリ,7890.25,0
小スカ,7857.75,0
メスお兄さん,7848.0,0
長舌,7841.75,0
チクニー,7727.0,0
初体験,7710.0,0
拉致,7707.666666666667,1
遠隔姦,7695.5,0
セルフパイ舐め,7556.666666666667,1
創作百合,7517.5,0
スーツ,7431.75,0
なにこれエロい,7374.75,0
なにこれえろい,7353.0,1
男体化,7222.5,0
ヤンキー,7172.5,0
横チン,7172.25,0
講座,7123.5,0
ケモ耳,7104.5,0
無様エロ,7050.0,1
へそ責め,6948.666666666667,1
恋愛,6900.25,0
ヤンデレ,6846.0,1
兄弟,6777.25,0
女子大生,6709.5,0
野生の公式,6669.0,0
男の潮吹き,6660.0,1
さねぎゆ,6613.75,0
オーク,6606.0,1
Muscle,6578.75,0
アナル責め,6497.75,0
男性妊娠,6483.333333333333,1
幼馴染,6468.666666666667,1
寸止め,6459.666666666667,1
女装男子,6459.5,0
男監督生,6443.0,1
落書き,6384.0,1
魔法のオナホ,6379.5,0
指マン,6330.5,0
エロ漫画,6299.5,0
状態変化,6285.25,0
伏虎,6225.5,0
ちんカリ,6134.75,0
オリジナル漫画,6110.0,1
10点じゃ足りない,6097.5,0
視姦,6062.0,0
タル鍾,6015.0,0
快楽責め,5951.5,0
壁尻,5871.0,1
凌辱,5851.333333333333,1
乳首攻め,5769.25,0
リバ,5766.75,0
なにこれ素敵,5750.0,1
ディープキス,5722.333333333333,1
カップル,5661.0,1
パイズリフェラ,5627.333333333333,1
萌え禿げた,5517.0,0
お仕置き,5513.5,0
BL漫画,5503.333333333333,1
銀土,5419.0,1
複数,5339.75,0
自縛,5339.75,0
安コ,5315.0,0
これはいい一カラ,5294.5,0
舌ピアス,5255.5,0
gay,5255.333333333333,1
涙腺崩壊,5247.25,0
轟爆,5203.25,0
コスプレ,5189.333333333333,1
切爆,5188.0,1
刺青,5180.0,0
妖言20,5164.75,0
捕食,5108.333333333333,1
本番,5056.75,0
年齢操作,5043.666666666667,1
足こちょ,5007.75,0
男受け,4987.0,1
男子高校生,4978.0,0
美尻,4861.25,0
宣伝,4795.333333333333,1
辱め,4792.75,0
兜合わせ,4785.666666666667,1
赤ちゃんプレイ,4774.75,0
凛潔,4665.5,0
睡姦,4558.666666666667,1
アダルトグッズ,4549.0,1
逆手コキ,4548.0,0
メスイキ,4426.0,1
衝撃のラスト,4414.0,1
着衣射精,4391.25,0
待ってました!,4369.5,0
続編希望,4365.0,1
羞恥プレイ,4358.0,0
イドアズ,4341.0,1
腹筋崩壊,4329.0,0
降新,4327.75,0
年下攻め,4246.0,1
目覚めた,4239.666666666667,1
眼鏡男子,4232.0,0
うちのこ,4197.5,0
四十八手,4077.25,0
射精禁止,4052.75,0
おにロリ,4045.0,0
妊夫,4043.3333333333335,1
人外×人間,4004.3333333333335,1
総受け,3997.75,0
ai少女,3922.0,0
なにこれ滾る,3921.0,0
どひふ,3855.0,1
振り込めない詐欺,3835.25,0
マッ腐ル,3822.25,0
なにこれかわいい,3816.75,0
燭へし,3797.25,0
汚喘ぎ,3720.3333333333335,1
ガチムチ,3689.0,0
レポ漫画,3672.6666666666665,1
無理矢理,3670.6666666666665,1
なにこれすごい,3623.0,0
謎の疾走感,3616.0,1
配信者,3614.3333333333335,1
白鬼,3566.5,0
触手姦,3503.0,1
黄黒,3454.75,0
SEX,3364.6666666666665,1
ブラシ触手,3343.3333333333335,1
なにこれ最高,3317.6666666666665,1
けしからんもっとやれ,3280.25,0
顔面騎乗,3247.6666666666665,1
レズビアン,3241.0,1
男エロ,3230.0,1
フルチン,3230.0,0
サラリーマン,3229.75,0
メイド少年,3210.75,0
爆轟,3206.0,1
配信,3196.3333333333335,1
魔王,3178.0,1
先生×生徒,3168.75,0
男性受け,3062.3333333333335,1
告知,3007.3333333333335,1
長髪男子,2894.5,0
警官,2888.75,0
宿伏,2887.75,0
姉弟相姦,2883.0,0
同軸リバ,2872.25,0
味覚音痴コンビ,2869.75,0
吸血鬼,2821.5,0
王子,2750.0,1
なにこれたまらん,2739.0,0
創作男子,2735.25,0
脹虎,2719.5,0
異世界転生,2681.6666666666665,1
絶頂失禁,2658.75,0
なにこれ切ない,2636.0,1
リフレ,2634.75,0
言葉責め,2607.0,1
電子書籍,2548.0,0
尊い,2525.0,0
めぐゆじ,2472.25,0
pegging,2432.75,0
二次創作,2427.25,0
サスサク,2406.0,0
軍人,2399.5,0
ヤンデレ男子,2389.3333333333335,1
なにこれ幸せ,2374.3333333333335,1
いちゃラブ,2359.25,0
男装,2346.25,0
大人の世界,2333.0,1
出茶,2318.3333333333335,1
続き全裸待機,2316.0,1
欠損,2300.25,0
モブ攻め,2284.6666666666665,1
ショタおに,2281.3333333333335,1
サスペンダー,2270.25,0
吸うやつ,2264.75,0
伝説の始まり,2261.25,0
善炭,2260.0,1
訓練されたコメント欄,2234.5,0
インキュバス,2171.5,0
玩具責め,2126.5,0
覆面,2095.75,0
ナイトプール,2088.25,0
無視,2083.0,1
逆ハーレム,2058.75,0
異類婚姻譚,2021.25,0
ヘミペニス,2017.0,0
ホラー,1993.3333333333333,1
くにちょぎ,1953.25,0
幼児化,1935.25,0
おばみつ,1896.25,0
マフィア,1893.6666666666667,1
学ラン,1888.6666666666667,1
白黒,1867.3333333333333,1
大好きです!,1865.25,0
op夢,1850.3333333333333,1
トコロテン,1845.75,0
美形×平凡,1844.75,0
控えめに言って最高,1836.75,0
へしさに,1834.25,0
執事,1812.25,0
TL漫画,1801.0,0
年の差,1774.25,0
クラウド,1752.25,0
わっふるわっふる,1751.3333333333333,1
掃除機,1717.0,1
壬猫,1698.5,0
そばかす,1698.0,1
クリ吸引,1664.0,1
クーデレ,1663.3333333333333,1
女夢主,1659.0,0
ボディピアス,1621.75,0
電流,1575.25,0
ハッピーエンド,1539.3333333333333,1
トレス素材,1484.5,0
召姦,1471.75,0
くにちぎ,1471.0,1
異種間恋愛,1469.3333333333333,1
ちんちん電車,1458.25,0
大人のおもちゃ,1454.6666666666667,1
悪役令嬢,1452.6666666666667,1
アホの子,1442.6666666666667,1
spanking,1433.6666666666667,1
万至,1418.0,0
エッセイ,1411.0,1
お前ら結婚しろ,1398.0,0
言い出しっぺの法則,1369.75,0
禿げ萌えた,1364.75,0
トレ監,1325.75,0
素材,1316.6666666666667,1
メイキング,1292.3333333333333,1
実録,1279.0,0
耽美,1277.75,0
赤コ,1246.0,0
悪魔の力,1234.75,0
二輪挿し,1216.0,0
100点でも足りない,1166.0,0
フロアズ,1142.5,0
スマタ,1091.3333333333333,1
シリーズ化希望,1083.3333333333333,1
ツンデレ,1069.0,1
赤新,977.5,0
ネッ広,970.5,0
続きはどこですか,959.0,0
ふゆタケ,952.0,0
けしからん、もっとやれ,950.5,0
ハス占,932.25,0
燭さに,921.75,0
続きをお恵みください,879.0,1
猫猫,877.0,1
オリジナル連作(初回),867.5,0
濁点喘ぎ,858.5,0
ここが天国か,851.25,0
ロッカールーム,848.75,0
ヤンキー受け,844.5,0
幼なじみ,840.6666666666666,1
ハメ潮,840.5,0
人間×人外,821.3333333333334,1
これはいいカラ一,795.5,0
魚人,784.25,0
頭なでなで,770.6666666666666,1
どういうことなの,767.6666666666666,1
ふゆとら,759.6666666666666,1
短小化,753.0,1
髭さに,744.6666666666666,1
ここに教会を建てよう,739.6666666666666,1
空受け,735.75,0
ｲｲﾊﾅｼｶﾅｰ?,734.5,0
襲い受け,731.75,0
スローセックス,731.3333333333334,1
牛及,699.25,0
潔受け,678.75,0
恋と深空,674.5,0
すばらしい,669.0,1
ポーズ集,668.3333333333334,1
相爆,649.0,1
コミックエッセイ,621.0,1
幽霊姦,620.25,0
いじめられっ子,611.0,0
召喚,593.5,0
変態摂理解析システム,590.0,0
どうやら出番のようだ!17,578.5,0
スコバボ,557.3333333333334,1
貴方が神か,530.6666666666666,1
ここが楽園か,525.0,0
最強サンド,498.0,0
こぎなき,485.3333333333333,1
投稿時間に愛を感じる,472.75,0
モブおじさん,456.6666666666667,1
カラ一カラ,450.6666666666667,1
48手,447.5,0
遠隔ローター,425.25,0
殺し屋,393.0,0
方言,368.0,1
公子,366.75,0
產卵,357.25,0
いちさに,349.0,1
イケオジ,342.75,0
紫赤,339.75,0
これはいいマイ武,333.5,0
一カラ一,311.5,0
バーボン,297.3333333333333,1
続きを正座待機,260.3333333333333,1
愛しい,256.6666666666667,1
これはエロい,247.0,1
スリット姦,233.33333333333334,1
エンカク,226.0,0
共依存,209.5,0
赤この,195.75,0
社員証,193.66666666666666,1
先天性女体化,190.0,1
おりじなる,188.25,0
いじめっ子,164.0,0
にょ菊,153.0,0
サーティーン,116.66666666666667,1
どうやら出番のようだ!18,63.75,0
生理男子,54.25,0
連続イキ,52.0,0
人外BL,41.75,0
連ケツ,32.5,0
ワカラセ,31.5,0
実録漫画,13.5,0
創作BL小説,10.0,0
ぶぜこて,8.5,0
緑赤,8.0,0
乳首肥大化,7.75,0
筋肉松,6.25,0
時代物,5.666666666666667,1
官能的,1.0,1
萌えすぎて変な声出た,0.0,0
へんたいよくできました,0.0,0
むしろ教会がこい,0.0,0
みすいづ,0.0,0
めでたしめでたし,0.0,0
ぺんぺん!,0.0,0
虎化,0.0,0
はるはやはち,0.0,0
裏垢男子,0.0,0
もっとくれぇぇ!!!,0.0,0
まきこまれH,0.0,0
芸術なら仕方ない,0.0,0
芋親子,0.0,0
投稿枚数に愛を感じる,0.0,0
良いオチ‼️,0.0,0
クズの教育,0.0,0
義炭の柱,0.0,0
オマンコアップ,0.0,0
カラ一の代名詞,0.0,0
ガムテ拘束,0.0,0
美しすぎる,0.0,0
キンタマがえらい巨大化,0.0,0
グルアオ,0.0,0
もはや違和感も全裸待機,0.0,0
綴いづ,0.0,0
コンドーム引き抜き,0.0,0
続きを見るまで死ねない,0.0,0
続きを徹夜待機,0.0,0
サウンドチェック,0.0,0
続きを下さい…,0.0,0
エロ髭,0.0,0
エロくない詐欺,0.0,0
育てた奴の顔が見てみたいわ……、あっ俺や,0.0,0
エロかと思ったら良い話かと思ったらエロだった,0.0,0
ウケ専ボーイは神テク男子とセフレになりたい!,0.0,0
アホエロ,0.0,0
んあぁぁってなった,0.0,0
わんこ攻め,0.0,0
複雑!△△関係,0.0,0
よく頑張った!感動した!,0.0,0
ゆるみつ,0.0,0
自意識ネタのカラー,0.0,0
ゆるさなくてよい,0.0,0
自爆芸,0.0,0
やだこれ素敵,0.0,0
至いづ,0.0,0
至福のエロ,0.0,0
よし来た!!,0.0,0
できるで,0.0,0
のばまき,0.0,0
隣の奴wwwww,0.0,0
えっちは週7希望ですっ!,0.0,0
おすすめ創作BL,0.0,0
おばあちゃん素敵すぎるぜ…✨,0.0,0
雌雄関係,0.0,0
集中線の暴力,0.0,0
おまけも本編,0.0,0
お疲れ様です,0.0,0
うそだろ,0.0,0
陽キャ×陰キャ,0.0,0
お金を貢がせて下さい,0.0,0
ぐうシコ,0.0,0
ここのコンロになりたい人生だった,0.0,0
このしょうもなさがたまらない,0.0,0
長指,0.0,0
うるせえ違和感,0.0,0
露出,0.0,0
釘伏,0.0,0
9'α,0.0,0
･･････はよせい!,0.0,0
＼許せる/,0.0,0
100点満点中120点,0.0,0
10点じゃたりない,0.0,0
20枚目????,0.0,0
3連結,0.0,0
①ですよね!!,0.0,0
あーおいしk…,0.0,0
○○事情,0.0,0
「み」を探すのが楽しい,0.0,0
あなたは神か,0.0,0
あなた様でしたか…!,0.0,0
あまりにも最高,0.0,0
顔騎クンニ,0.0,0
これから愛が見えてくるはず(ﾊﾞｯ,0.0,0
これだから犬かごは,0.0,0
なんやこれエロい,0.0,0
どうしたら写メを送ってもらえるのか…,0.0,0
ぜ…ぜひ私たちにも見せてください…,0.0,0
たまらないです,0.0,0
ち○こを欲しがるコメ欄,0.0,0
つ…続き…は…?,0.0,0
つ、続きを…!,0.0,0
シュウます,0.0,0
誰か今すぐ神父呼んできて!!,0.0,0
しゅん…,0.0,0
読後感最高!,0.0,0
託された涙と三年分の涙,0.0,0
なにこれエロイ,0.0,0
なにこれ吹いた,0.0,0
なにもかも脱いで続きを待機,0.0,0
なんて日だ!!((歓喜,0.0,0
貴族の遊び(意味深),0.0,0
ざいはち,0.0,0
これで終わりと思うなよ,0.0,0
これはいい兎虎,0.0,0
これはいいめぐゆじ,0.0,0
これはいいスティレオ,0.0,0
これはいい五伏,0.0,0
逆転の発想,0.0,0
これはいい仗露,0.0,0
これはいい伏虎,0.0,0
これはいい出茶,0.0,0
ご奉仕系長男がエロかった…!,0.0,0
これはいい爆轟,0.0,0
これはいい緑高,0.0,0
これはいい銀土,0.0,0
これは泣ける,0.0,0
これは良いイドアズ,0.0,0
こんなの待ってた,0.0,0
続きをおおおおおおおおおお,0.0,0
簡易的パーバートロマンス,0.0,0
続きは…続きはどこですか,0.0,0
岩さに,0.0,1
潔愛され,0.0,0
淫魔♂,0.0,0
外面の良い幼馴染,0.0,0
大事なことなので2回言いました,0.0,0
好みじゃないけど,0.0,0
涙で画面が見えない,0.0,0
涙がとまらない,0.0,0
妖言6,0.0,0
子供捏造,0.0,0
宇宙…,0.0,0
水父水,0.0,0
水中射精,0.0,0
毛根すら消えた,0.0,0
安定のごんざれす,0.0,0
死ネタ注意,0.0,0
喘ぎが最高,0.0,0
激甘注意,0.0,0
喉イキ,0.0,0
友達から突然欲情された話,0.0,0
勇利なんでもかわいい芸人の本気,0.0,0
勇者×魔王,0.0,0
犯人はお前だ,0.0,0
勤勉…悲しい響きだ…,0.0,0
原作改変あり,0.0,0
参考になります,0.0,0
双子妊娠,0.0,0
火青火,0.0,0
(声にならない叫び),0.0,0
商業BLサンプル,0.0,0
商業サンプル,0.0,0
無料公開,0.0,0
無意識に...ブクマしていただと...!?,0.0,0
点火ァｯｯｯ,0.0,0
安定の陵辱,0.0,0
楽&透,0.0,0
割といた異種族婚による子どもたち,0.0,0
年下彼氏,0.0,0
昨晩パンイチで廊下を駆け抜けたウツボ×2,0.0,0
教育教材,0.0,0
教会「来ちゃった」,0.0,0
放置プレイ?,0.0,0
式場が来い,0.0,0
復讐レイプ,0.0,0
怒りのボスとヤル気満々の保護者たち,0.0,0
性別不詳監督生,0.0,0
悶!!,0.0,0
愛おしい人々,0.0,0
感動した,0.0,0
成る程最高ね,0.0,0
戒めだ,0.0,0
振り込ませてくださいお願いします,0.0,0
技術点が高い○○,0.0,0
是非とも続いてほしい,0.0,0
最!高!!です!!!,0.0,0
最後の1Pに全力で同意,0.0,0
村八分,0.0,0
幸せえっち,0.0,0
極上のさねぎゆ,0.0,0
極上の1杯を貴女に,0.0,0
来世はここのゴミ箱になる,0.0,0
来世はここのまな板になる,0.0,0
来世はここのお皿になる,0.0,0
幸せになりやがれください,0.0,0
最高のさねぎゆ,0.0,0
末弟の強かさよ,0.0,0
未来予知,0.0,0
有言実行,0.0,0
最高以外の言葉が見当たらない,0.0,0
最高以外のなにものでもない,0.0,0
最高の出勝,0.0,0
創作カップル,0.0,0
凝をおこたるなよ,0.0,0
続きの恵を_:(´ཀ`」,0.0,0
ペアルック,0.0,0
穏やかなカエル,0.0,0
タヌキの乗った大型犬が、可愛すぎる!!,0.0,0
ドSおばけが寝かせてくれない,0.0,0
神父さんこっちです,0.0,0
神は実在した,0.0,0
神が淫魔,0.0,0
神々しいたぬきw,0.0,0
ドライハンプ,0.0,0
ニヤニヤがとまらない,0.0,0
ハァハァ雲,0.0,0
ハイキー×ローキー,0.0,0
ハイクオリティ,0.0,0
バスタオルじゃ足りない,0.0,0
ヒモ飼い,0.0,0
フェロモホリック,0.0,0
究極のさねぎゆ,0.0,0
タグの一体感よ…,0.0,0
突っ込んだら負け,0.0,0
絡み絵,0.0,0
続きが気になる…!,0.0,0
続きがないと夜しか眠れない,0.0,0
続きがくるまで全裸待機,0.0,0
続きがきになるシリーズ,0.0,0
ショートカツサンド,0.0,0
スクロールバーがいい仕事してる!!,0.0,0
スケベっち,0.0,0
タグに愛を感じるなんて,0.0,0
結腸攻め,0.0,0
結ばれるとはこういうことか。,0.0,0
素股漫画の続きを…!!!!,0.0,0
スパシーバ!!!!,0.0,0
箱封印,0.0,0
セルフプレジャー,0.0,0
真爆,0.0,0
ボーナスステージ,0.0,0
兵長それがトキメキです,0.0,0
目覚めそう,0.0,0
伏父五,0.0,0
会陰責め,0.0,0
伝説級のテクニカル,0.0,0
体繋げて心繋げず,0.0,0
何これ素敵,0.0,0
兄エー,0.0,0
先キス,0.0,0
先生はイケない××ニスト,0.0,0
先生生徒,0.0,0
全裸宇宙,0.0,0
全身の毛という毛が抜けた,0.0,0
用意したティッシュで涙を拭いた,0.0,0
公式巡回済み,0.0,0
生きてて良かった〜,0.0,0
生きてて良かった,0.0,0
今すぐ国宝認定すべき,0.0,0
人類にはまだ早かった,0.0,0
二重顎…あれが私だ,0.0,0
監ジャク,0.0,0
ムニュムニュしくなる,0.0,0
目から水遁!!!,0.0,0
メガネ受け,0.0,0
監督生逃げて超逃げて,0.0,0
監督生愛され,0.0,0
監督生受け,0.0,0
モブおじさん(女),0.0,0
乙女かと叫びたい‼,0.0,0
モブおじさんに泣く,0.0,0
白白い余白に第2ラウンドが見えます…(号泣),0.0,0
レイトマ,0.0,0
病院が逃げたぞ!追え!,0.0,0
一カラー,0.0,0
世界2位の男,0.0,0
可愛すぎて悶えた,0.0,0
