検索ワード,ブックマーク数
中出し,228939
尻,184741
おっぱい,184228
漫画,180679
尻神様,172316
H,170425
バック,169677
巨乳,169096
裸,166319
精液,161814
後背位,160851
ロリ,160110
フェラ,159335
セックス,158001
ぱんつ,156647
溢れ精液,153475
アナル,146774
レイプ,146329
NTR,146235
創作,145067
立ちバック,143188
断面,141474
断面図,140655
パンツ,137223
揉みしだきたい乳,136465
極上の乳,136086
陰毛,135977
輪姦,135883
絶頂,135148
騎乗位,133037
うごイラ,131044
アイドル,130434
事後,130063
着衣セックス,129502
全裸,127771
目がハート,127569
拘束,126336
女の子,126285
催眠,124642
射精,124334
乳首責め,122789
潮吹き,120916
水着,120479
タイツ,120023
挿入,119780
愛のあるセックス,117610
コンドーム,115960
オナニー,115407
裸足,114535
母乳,113479
ずらし挿入,113232
腋,112192
正常位,112084
ショタ,110098
OL,108365
あばれる乳,108212
爆乳,107785
巨根,107769
くぱぁ,107290
足裏,106198
ビキニ,106136
ふたなり,105676
女子高生,105545
へそ,105279
百合,105203
JK,104569
使用済みコンドーム,103606
寝取られ,103555
ふともも,102942
手マン,102935
パイズリ,102325
ハメ撮り,101802
胸揉み,101074
魅惑の谷間,101067
極上の女体,100926
ぶっかけ,100904
背後から胸揉み,99980
ピアス,99426
アヘ顔,99232
種付け,97720
乱交,97239
貧乳,96887
手コキ,96650
調教,96126
イラマ,96052
イラマチオ,95801
制服,95347
少女,95264
ボテ腹,95228
ニーソ,94972
メイド,94580
ストッキング,94524
ハメ撮り視点,94160
キス,93794
仰け反り絶頂,92864
寝バック,92789
露出,92694
すじ,92504
異種姦,92465
むちむち,91606
強制絶頂,91423
片足パンツ,91237
フェラチオ,91155
おへそ,90207
口内射精,90089
人妻,89749
金髪,89533
クリ責め,88781
即堕ち,88710
黒スト,88637
妹,88605
近親相姦,88325
ビッチ,88007
種付けプレス,87902
愛液,87819
触手,87735
学生,87616
魅惑のふともも,86933
創作男女,86797
乳首ピアス,86306
首輪,86096
子宮,85901
剥けチン,85370
肉便器,85245
3P,84795
トロ顔,84715
セーラー服,83838
淫紋,83741
バニーガール,82692
腹ボコ,82609
汗,82503
見せ槍,82250
敗北,81842
高品質パンツ,81836
緊縛,81759
乳揉み,81474
足指,81123
お尻,81087
キスハメ,80942
破れストッキング,80718
ふた×女,80695
獣姦,80514
たくしあげ,80397
ボコォ,80329
目隠し,80184
ヘテロ,80175
裸足裏,80147
乳吸い,80061
受精,80053
まんぐり返し,79469
ジン,78789
串刺しファック,77964
白タイツ,77922
舌,77551
ニラマレ,77146
馬,76996
ソックス足裏,76839
裸ニーソ,76180
パイパン,76043
極上の貧乳,76039
下着,75908
おねショタ,75781
ギャル,75481
ハーレム,75411
褐色,75215
ねじ込みたい尻,74712
マニキュア,74327
バイブ,73259
日焼け,72819
エルフ,72548
精液ボテ,72536
逆レイプ,72391
二穴,72258
黒タイツ,71420
おしっこ,71349
胡桃,71033
アナルセックス,70894
男の娘,70854
開脚,70848
髪掴み,70606
陥没乳首,70526
眼鏡,69981
マイクロビキニ,69922
マスク,69871
黒髪,69550
熟女,69390
レズ,68989
ドM,68905
陵辱,68608
仰臥,67996
パンチラ,67940
エロ蹲踞,67801
体に落書き,67152
垂れ愛液,67063
お腹,66788
ひょっとこフェラ,66712
日焼け跡,66329
下脱ぎ,66281
汗だく,66007
まんこ,65542
オナホ,65195
子供同士,65112
対面座位,64911
メスガキ,64729
こね回したい乳首,64491
素股,64468
身体に落書き,64412
風呂,64383
体格差,64218
猿轡,64193
猫耳,63832
ディルド,63709
破瓜,63427
機械姦,63257
包茎,63194
ちっぱい,62994
サキュバス,62928
舐め回したい穴,62908
シスター,62752
クリトリス,62583
拡張,62565
駅弁,62547
ちん嗅ぎ,62388
妊婦,62169
見せない構図,61576
クンニ,61554
首絞め,61450
腕掴み,61403
M字騎乗位,61080
つるまんさいこう,60877
背面座位,60838
巨尻,60721
足コキ,60560
ラブ握り,60449
スク水,60351
魔女,60183
ノーパン,59977
両手に茎,59684
羞恥,59578
輪チラ,59532
顔射,59337
妊娠,59310
アナル舐め,59137
乳内射精,58991
女オナニー,58967
メスの顔,58887
定点,58861
掴みピロー,58795
パンスト,58696
睡姦,58565
野外,58508
ツインテール,58163
おまんこ,57833
牛柄,57494
奴隷,57048
サンプル,56925
ブルマ,56767
腕掴みバック,56657
子宮をノック,56565
壁尻,56463
破れタイツ,56371
垂らし事後,56235
側位,56070
着衣巨乳,55933
青姦,55793
競泳水着,55681
ローター,55676
搾乳,55663
ポニーテール,55639
牛柄ビキニ,55536
ロリビッチ,55503
女装,55405
おっさん,55365
性処理,55150
マン肉,55144
はいてない,54769
背面騎乗位,54656
エロ衣装,54650
巨乳化,54374
目隠し竿,54371
鷲掴み,54234
抜け陰毛,54154
搾精,54047
小学生,53786
腕押さえ輪姦,53781
女体美,53660
スーツ,53576
性交,53533
チンコ包囲網,53413
馬姦,53390
狐耳,53261
体操服,53259
隠姦,53204
幼女,53193
透け乳首,53185
処女,52879
M字開脚,52806
女性を乳首責め,52758
舌出し,52739
濡れ透け,52627
パンツ下ろし,52458
裏乳,52418
アナル尻尾,52179
だいしゅきホールド,52146
長乳,52127
授乳,52063
片乳,52028
痴女,51982
スライム,51840
トイレ,51795
洗脳,51722
アナルくぱぁ,51696
ピンク,51682
着衣パイズリ,51662
尿道責め,51481
主観視点,51210
凌辱,50901
異物挿入,50896
汚いおっさん,50779
連続絶頂,50286
異種和姦,50274
ママショタ,49938
長手袋,49913
放尿,49900
黒髪ロング,49888
ロリ巨乳,49712
アナル中出し,49593
サイハイブーツ,49543
発情,49534
ガーターベルト,49470
鼻ザー,49281
逆バニ,49250
ランドセル,49159
性器,49096
逆バニー,48976
ドット絵,48920
お風呂,48615
吸い付く膣,48501
定点カメラ,48467
大量射精,48436
電マ,48426
イチャラブ,48273
母子,48240
女体化,47927
対面立位,47885
性教育,47825
姉弟,47739
魅惑の顔,47609
精液封入,47584
女性上位,47482
しのぶ,47455
乳出し,47354
筋肉,47340
竜娘,47074
アナルビーズ,46898
ぽっかりアナル,46797
掴みシーツ,46286
ボールギャグ,46102
交尾,46049
スパンキング,46018
痴漢,45994
幼馴染,45944
教室,45792
腋毛,45775
ローアングル,45613
尻コキ,45492
野外露出,45451
チンカス,45374
お姉さん,45021
巨乳輪,44905
Wフェラ,44589
膣内射精,44472
自撮り,44463
無知シチュ,44339
馬乗り,44338
鼠蹊部,44224
ボーイッシュ,44194
欧派,44188
股間,44059
兄妹,43982
馬乗りパイズリ,43969
逆アナル,43875
Tバック,43823
乳揺れ,43765
子宮脱,43715
乳鷲掴み,43642
I字バランス,43490
すっぽんぽん,43427
手袋コキ,43364
乳合わせ,43250
sex,43137
染みパン,43068
イカ腹,42983
ハイソックス,42825
服越し母乳,42810
白ニーソ,42757
強姦,42736
温泉,42681
眠姦,42634
ノーハンド,42516
しりならべ,42163
犬姦,41941
首絞めックス,41671
常識改変,41652
ふた×男,41648
臀部,41517
乳ワイパー,41469
舌射,41448
胸合わせ,41439
無様エロ,41384
肛門,41371
スリングショット,41245
純愛,41197
レオタード,41012
べろちゅー,41003
手マンオナニー,40900
チアガール,40889
前髪テール,40766
事前,40610
おしり,40600
腋見せのポーズ,40162
咥えゴム,40126
睡眠姦,39847
半脱ぎ,39817
勃起クリトリス,39697
女教師,39640
母娘,39556
浴衣,39466
美脚,39373
魔法少女,39236
大腿,39164
推しの子,38971
授乳手コキ,38892
ナース,38725
ダイナミックパンチラ,38535
トップレス,38488
太ももコキ,38409
種噴き,38404
たくし上げ,38203
ニーソックス,38142
正の字,37917
モブ姦,37673
ケツ毛,37596
声我慢,37494
オナバレ,37481
パンスト越しのパンツ,37436
ハイヒール,37321
メイド服,37316
タイツ越しのパンツ,37224
commission,37174
続編希望,37150
悪堕ち,37033
エプロン,37028
巫女,36895
臭いフェチ,36847
マシュマロおっぱい,36826
うちの子,36777
夫婦,36770
セリフ,36721
黒人,36699
お腹ナデナデ,36645
売春,36545
チャイナドレス,36508
ずらし事後,36475
援交,36237
ペド,36196
まんざらでもない,36043
レイプ目,35950
美乳,35935
後ろ矢筈,35848
黒ギャル,35836
ローション,35753
ガクビク,35723
横乳,35721
母性的女体,35707
媚薬,35610
貞操帯,35297
谷間に布寄せ,35209
裸エプロン,35198
出産,35186
抱き枕カバー,35095
精飲,35011
寝取らせ,34942
乳首舐め,34934
アナルの造詣が深い,34931
牛娘,34704
コスプレ,34657
子作り,34499
食い込み,34436
ランジェリー,34394
おもらし,34335
おっぱいがいっぱい,34287
ぴっちり,34233
ふんどし,34196
フェラ素振り,34167
寝取り,33939
撫で回したい尻,33829
赤面,33778
枕営業,33746
尻アングル,33683
赤髪,33675
咥えながら舌出し,33634
安産型,33600
差分,33534
勃起乳首,33509
コンドーム腰蓑,33302
ブラジャー,33263
浮気,33193
ぴっちりスーツ,33144
背中,33004
おじさん,32967
子宮姦,32907
貝合わせ,32867
髪コキ,32819
失禁,32795
宣伝,32763
パーカー,32762
銀髪,32740
ゴム射,32700
ショタおね,32685
直穿き,32675
撫で回したいお腹,32621
アナル固め,32610
ちょこぱい,32596
玉舐め,32453
馬チンポ,32415
性職者,32414
これ絶対入ってるよね,32234
キメセク,32192
バイブINパンツ,32187
極上の尻,32157
背後から手マン,32127
お掃除フェラ,32016
性処理係,31989
ぷにあな,31910
逆さフェラ,31808
つぶれおっぱい,31679
オホ声,31581
トイレセックス,31529
前から見えるお尻,31516
ディープキス,31434
脱ぎかけ,31306
ハミ毛,31306
先っちょ入れ,31215
生えかけ,31143
ウェディングドレス,30918
調教済み,30741
電車,30617
着物,30603
タトゥー,30587
ノーブラ,30514
シャワー,30497
いじめ,30474
ピンク髪,30469
ジャージ,30405
脱いだ服,30384
先っぽちゅーちゅー,30311
指を突っ込みたいへそ,30208
松葉崩し,30038
黒パン,30009
尻揉み,29985
ヤンデレ,29848
配信,29831
高校生,29809
網タイツ,29795
ペットプレイ,29700
ネクパイ,29654
姉妹丼,29529
トレンカ,29527
拡張済み,29404
糸引き,29314
父娘,29299
背面側位,29272
黒乳首,29186
M女,29079
美少女,29076
全裸群像,29058
乳だけ出してる,29054
子宮口,29016
飲尿,28826
メス堕ち,28792
オナフェラ,28719
片目隠れ,28600
魅惑的大腿,28556
ゴム残し,28472
CMNF,28425
尻突き上げ,28314
女児,28304
版権,28242
自慰,28200
夫婦の営み,28166
寸止め,28054
恥丘,27983
絆創膏,27835
ショートパンツ,27444
逆NTR,27414
デカ尻,27410
電気責め,27377
はだけ,27336
女の子に急所攻撃,27334
地雷系,27235
ガラス越し,27171
胸ポチ,27140
後ろ手,27124
ピンクパンツ,27120
性奴隷,27119
ティッシュ,27031
学生服,26973
親子丼,26961
サイハイソックス,26950
極上の腹,26891
蒸れ,26678
学生証,26586
体育倉庫,26538
仕事絵,26335
スパイダー騎乗位,26308
浴尿,26156
カップル,26153
チクニー,26152
前貼り,26125
ズリ事後,26104
ボトムレス,26038
黒パンツ,25922
ユニコーン,25876
縦割れアナル,25816
POV,25796
ながらプレイ,25753
股のぞき,25744
双子,25710
顔隠し,25696
乳上,25628
大人の女性,25609
うさみみ,25609
ラッキースケベ,25607
即落ち2コマ,25560
手コキッス,25382
ピースサイン,25275
茶髪,24986
メカクレ,24963
分身,24921
白髪,24916
ミニスカート,24867
腰高位,24796
セルフ乳揉み,24726
着衣交尾,24693
裾上げタイツ脱ぎ,24688
四つん這い,24602
女性器,24568
へそピアス,24510
極太ディルド,24314
布越し,24301
トレーニング,24191
ふた×ふた,24171
即夜戦,24046
ちんぐり騎乗位,23981
援助交際,23930
ショートカット,23919
胸膝位,23707
乳柱,23633
搾乳機,23610
無表情,23588
ぷにまん,23538
二次創作,23529
歩き事後,23397
ほのぼの,23320
ギリシャ型,23221
寄生,23196
背後から手コキ,23185
アイシャドウ,23173
足ピン,23157
猫耳カチューシャ,23154
レースクイーン,23144
母娘丼,22843
酔姦,22831
泥酔,22619
ベビードール,22402
涙目,22354
チアリーダー,22281
角オナ,22121
ノーハンドフェラ,21987
熱々トレーニング,21945
キャプション芸,21874
告知,21866
女神的女体,21844
ハンドギャグ,21802
性行為,21752
オナホコキ,21652
男女女男,21643
プリケツ,21558
肉オナホ,21550
くわえたくしあげ,21501
ジーンズ,21491
局部露出,21043
ショートヘア,21019
誘拐,20969
挿入直前,20941
ゴム手袋,20921
早漏,20633
モザイク,20454
オープンショーツ,20424
我々の業界ではご褒美です,20424
青髪,20401
テント撫で,20393
流れ乳,20325
ほくろ,20288
失神,20273
胸囲の格差社会,20147
婦警,20030
頬ズリ,19804
交尾結合,19732
ロリ陰毛,19671
貫通,19662
泣き顔,19616
指マン,19603
いい顔,19586
蟹股ポージング,19561
女性優位,19523
女性協力者,19477
風俗,19284
抱き心地良さそうな極上の安産型ムチムチ女体,19262
極上の竿,19260
ベロチュー,19256
尻鷲掴み,19232
エロステータス,19105
完全裸,19029
腹パン,19002
紐水着,18967
ビュービュー系,18926
アヘトロ顔,18916
衝撃のラスト,18785
机の下のフェラ,18692
ガバアナル,18687
着ザー,18684
歯を食いしばる,18683
髪ブラ,18680
お漏らし,18648
アナル責め,18495
遠隔姦,18304
ちちしりふともも,18169
着衣溢精,18067
露天風呂,17967
乳首オナニー,17892
色違い陰毛,17744
カラーリップ,17714
合法ロリ,17505
チノ,17425
裸ランドセル,17376
包茎クリトリス,17340
裸靴下,17320
夜這い,17303
セルフパイ舐め,17261
ベッドの上,17246
お持ち帰り,17178
絶倫,17161
着衣アナルセックス,17159
※中学生です,17073
陸上部,16944
縞ビキニ,16890
黒ビキニ,16887
ぐるぐる目,16716
おしっこ我慢,16659
そばかす,16642
シースルー,16599
煙緋,16514
後ろ手縛り,16492
乳首ズリ,16347
便女,16306
ホルタービキニ,15966
ラブラブ,15923
上履き,15848
ズボン下ろし,15836
リクエスト,15795
野外緊縛,15668
乳上げ,15652
デリヘル,15615
眼帯ビキニ,15615
手形,15605
犬耳,15470
黒セーラー,15465
ハイレグレオタード,15460
トリプルフェラ,15454
裸ブーツ,15361
拉致,15344
背後から乳揉み,15273
バレー,15198
おなか,15168
添い寝,15147
競スク,15140
誘い受け,15108
溜め精液,15107
和服,15077
快楽責め,14950
苦しそうな顔,14868
パンツコキ,14759
全身タイツ,14704
立ちかなえ,14575
けしからん谷間,14574
リモコンバイブ,14574
亀頭舐め,14494
黒ハイソックス,14472
がに股,14466
未亡人,14458
パパ活,14347
巨乳長,14225
匂いフェチ,14171
泣きぼくろ,14080
三つ編み,14029
定規,13951
チャラ男,13947
女性主観視点,13921
前立腺責め,13889
絶対領域,13865
セルフ胸タッチ,13733
汚っさん,13536
豚姦,13503
誰かが見ている,13470
下腹部定規,13389
ボクっ娘,13348
魔法のオナホ,13257
ちんちんのポーズ,13251
黒髪ショート,13206
喉ボコ,13165
穿いたまま,13123
こめっこ,13108
動物の仔,13066
乳首責め騎乗位,13065
亀頭フェラ,13058
怯え,12773
路地裏,12664
ノーパンタイツ,12657
金髪ロング,12647
保健室,12613
白ストッキング,12611
チョーカー,12558
裸コート,12477
痴幼女,12452
かのかり,12326
足抱え,12275
保健体育,12218
臍,12187
処女膜,12014
服従のポーズ,11901
嘔吐,11862
着エロ,11856
スポーツウェア,11820
お姉ちゃん,11818
乳袋,11810
フレアビキニ,11767
カラオケ,11758
野生の公式,11753
ｺｯｼｮﾘ,11735
射鞋,11614
カーセックス,11604
さらし,11584
雪女,11544
圧倒的胸囲,11515
イマラチオ,11470
ブラシ触手,11297
玉しゃぶり,11279
セフレ,11183
銭湯,11180
無抵抗,11173
歩く18禁,10938
成長過程,10849
ハーフアップ,10803
ミミック,10716
ロリ妊婦,10606
フェラ尻,10606
受付嬢,10547
まったく、小学生は最高だぜ!!,10509
横臥,10489
大人のおもちゃ,10466
クーラ,10384
素晴らしすぎる,10374
ガーターリング,10286
召喚,10247
耳姦,10242
自縛,10166
種付けおじさん,10112
椅子尻,10034
脅迫,10028
口腔,9954
腋射,9948
女児水着,9944
クリチラ,9940
直撃弾,9925
上目遣い,9855
ヘッドボードアングル,9787
屈曲位,9757
水浴び,9721
女子大生,9683
大人の世界,9601
薬物,9547
おっぱいキス,9539
膨らみかけ,9441
W手コキ,9440
触手貫通,9437
泌乳,9372
半透明バニー,9329
剥ぎ取りたいパンツ,9318
薬漬け,9270
ブラ着パイズリ,9242
女囚,9154
身体検査,9133
角掴み,9031
スカートめくり,8984
美尻,8971
悪魔の乳首,8953
バキュームベッド,8868
開口器,8732
肛門性器臭いフェチ,8682
前戯,8668
お前がパパになるんだよ!,8661
ロリショタ,8533
ホットミルク,8511
おしえて!,8478
パンツを穿いたまま絶頂,8450
サメ,8352
新体操,8321
大陰唇,8253
性欲の権化,8249
朝フェラ,8061
おっぱいぷるんぷるん,8050
斜め後ろハイアングル,8027
吸うやつ,8014
ブチュキス,7906
ハッピーエンド,7700
ノーパンノーブラ,7554
エロビキニ,7494
極上の太もも,7377
アリシゼーション,7344
マグロ,7225
横ロール,7114
艶ぼくろ,7074
鞘合わせ,7061
透明人間,6991
布越しセックス,6916
わかまり,6872
おにロリ,6782
メンヘラ,6731
人間便器,6641
嫁分身,6476
スワッピング,6393
淫纹,6381
スク水ニーソ,6291
手パンツ,6174
バレー部,6166
パイロットスーツ,5985
後ろの存在感,5977
乳首攻め,5965
裸Yシャツ,5936
置き去りディルド,5814
生徒会長,5788
末永く爆発しろ,5716
園児服,5698
水着タイツ,5693
極上の濃厚解らせ膣内射精SEX,5639
椅子拘束,5618
黒縁眼鏡,5563
玄姦,5484
快楽漬け,5480
発想の勝利,5349
膝裏コキ,5273
ヌーディストビーチ,5256
修羅場,5253
ヨガ,5112
M向け,4881
和室,4728
布越し射精,4667
カーディガン,4658
シャワーシーン,4543
クリ吸引,4514
ディルドー,4444
儀装束,4405
イジメ,4345
レーシングバック,4270
コンビニ,4242
雌豚,4234
絶頂失禁,4196
伝説の始まり,4193
胎動,4146
泡ブラ,4108
オタクに優しいギャル,4084
触手下着,3936
眼鏡はかけるもの,3881
まあ、そうなるな,3789
いちゃラブ,3602
幸せパンチ,3541
全部飲んで,3524
ガバガバ,3508
初夜,3473
クリトリス包皮,3448
ほぼ裸,3433
乳王,3420
旅館,3385
車止め,3248
汁だく,3242
尻ワイパー,3235
アホの子,3221
無視,2998
事后,2980
ザーメン帽子,2876
裸手袋,2771
掃除機,2760
公衆トイレ,2735
感度3000倍,2702
布越し素股,2647
女装ショタ,2602
sleeping,2495
紐タイ,2366
立場逆転,2341
マゾ向け,2322
歩くセックス,2240
リビドー,2196
いいですとも!,2176
裸ソックス,2067
下書き,2055
シーツ掴み,1990
現実改変,1926
既成事実,1897
ぬるぬる動く,1896
ベレー,1813
性器解説,1803
スポーツ少女,1771
全裸水泳,1764
懺悔室,1671
上食,1630
屈服,1609
姉なるもの,1600
リボン縛り,1570
唾液交換,1549
バックシーム,1486
抱き枕カバー風,1474
白下着,1413
猫耳メイド,1399
ゴミ箱,1388
女湯の男の子,1357
繁殖,1302
コーチ,1274
バンドゥビキニ,1244
腰に手,1219
これはエロい,1177
元ヤン,1176
両手に竿,1159
逆立ち,1136
腋ズリ,1133
しっぽいじり,1130
見せパン,984
サイコキ,967
尿道拡張,950
空刻,866
おまんまんぷにぷにしたい,806
バスケ部,764
金髪ロリ,742
ゴムフェラ,732
まんこ比べ,711
脇見せのポーズ,676
濡れタイツ,615
腹上死,586
血の繋がった夫婦,534
怪文書,477
したでなめる,465
下半身露出,416
ヤリ部屋,377
遺作,366
シールダー,345
尻射,299
バイブオナニー,273
貞操観念ゼロ,261
可能性の獣,231
女ふんどし,222
尿道口,209
皮膚,185
舌責め,174
シャワー室,148
黒髪セミロング,119
チェックパンツ,111
テニス少女,103
スマホ差分,91
性欲を持て余す,91
即ハメ,81
リボンタイ,54
生涯独身,53
こんなの絶対おかしいよ,43
悪魔姦,32
ひとりハーレム,18
剣道部,11
北半球,7
陰毛/ケツ毛,0
馬鹿め!それは本体だ!,0
飼育員,0
逆夜這い,0
青緑ビキニ,0
逆さイラマ,0
長指,0
頭押さえつけ,0
#援交,0
足裏/足指/ペディキュア/尻にマーク,0
オマンコアップ,0
キス射,0
クロスホルターネック,0
グボォ,0
ゴム飲み,0
チャリオット,0
ネカフェ,0
ハンドル付き,0
ババア結婚してくれ,0
パンティ破り,0
ファザコン,0
ブラックボックス,0
ブラホック,0
メガネ差分,0
世界名画,0
中字,0
乳重測定,0
伝説級のテクニカル,0
似た者同士,0
入学希望,0
具体的,0
処女貫通,0
カニばさみ,0
エロ芸術,0
豆巻き,0
エロ絵スタ,0
8sec-video,0
いい反応,0
いい目,0
おまけも本編,0
お坊ちゃま,0
お祈り手コキ,0
けしか乱交,0
こいのぼり,0
このあと滅茶苦茶/野生の公式,0
これで終わりと思うなよ,0
すらし挿入,0
そしてこの声である,0
ちん尾,0
とても気持ちの良さそうなフェラ,0
のぞき見,0
びくびく,0
めでたしめでたし,0
もうやめて,0
イジラレ,0
インコ野郎,0
ウルトラマイクロミニ,0
前手縛り,0
創作カップル,0
単為生殖,0
即墜ち,0
湿潤,0
潰れおっぱい,0
物体憑依,0
犬歯,0
獣喘声,0
生産者表示,0
発散交尾,0
目で訴える,0
着衣美巨乳,0
睡華,0
箱入り娘(物理),0
精液逆流,0
純白なる夢の誓い,0
続きはよ,0
肉花瓶,0
背後から胸揉み/女性を乳首責め,0
自舐めオナニー,0
舌裏,0
萌えるゴミ,0
衣服標本,0
裸ヘッドホン,0
永久就職,0
水着ジャージ,0
水着コンパニオン,0
復讐レイプ,0
味もみておこう,0
圧倒的テンポ,0
天才のソレ,0
妹の友達,0
姉妹日常,0
実質的に死姦,0
少女と裏路地,0
尻壁,0
幻聴したら負け,0
復讐催眠,0
水中射精,0
悦び顔,0
手繋ぎセックス,0
救いはないんですか!?,0
敗北おもらし,0
月がきれい,0
有料少女,0
村八分,0
横尻,0
母息子,0
女オタク,0
